ID,NAME,EMAIL,CITY,STREET,HOUSE
1,Rachel Green,rachel.green@example.com,New York City,Bedford Street,90
2,Monica Geller,monica.geller@example.com,New York City,Bedford Street,90
3,Phoebe Buffay,phoebe.buffay@example.com,New York City,Morton Street,5
4,Joey Tribbiani,joey.tribbiani@example.com,New York City,Bedford Street,90
5,Chandler Bing,changdler.bing@example.com,New York City,Bedford Street,90
6,Ross Geller,ross.geller@example.com,New York City,Grove Street,17
